id,name,model_id:id,group_id:id,perm_read,perm_write,perm_create,perm_unlink
access_medical_inpatient_registration,medical.inpatient.registration,model_medical_inpatient_registration,pragtech_veterinary_app.group_medical_user,1,1,1,1
access_medical_diet_therapeutic,access_medical_diet_therapeutic,model_medical_diet_therapeutic,pragtech_veterinary_app.group_medical_user,1,1,1,1
access_medical_inpatient_medication,access_medical_inpatient_medication,model_medical_inpatient_medication,pragtech_veterinary_app.group_medical_user,1,1,1,1
access_medical_inpatient_medication_admin_time,access_medical_inpatient_medication_admin_time,model_medical_inpatient_medication_admin_time,pragtech_veterinary_app.group_medical_user,1,1,1,1
access_medical_diet_belief,access_medical_diet_belief,model_medical_diet_belief,pragtech_veterinary_app.group_medical_user,1,1,1,1
access_medical_inpatient_medication_log,access_medical_inpatient_medication_log,model_medical_inpatient_medication_log,pragtech_veterinary_app.group_medical_user,1,1,1,1
access_bed_transfer,access_bed_transfer,model_bed_transfer,pragtech_veterinary_app.group_medical_user,1,1,1,1
access_medical_inpatient_diet,access_medical_inpatient_diet,model_medical_inpatient_diet,pragtech_veterinary_app.group_medical_user,1,1,1,1
