id,name,model_id:id,group_id:id,perm_read,perm_write,perm_create,perm_unlink
access_medical_icu_ventilation,access_medical_icu_ventilation,model_medical_icu_ventilation,pragtech_veterinary_app.group_medical_user,1,1,1,1
access_medical_icu_glasgow,access_medical_icu_glasgow,model_medical_icu_glasgow,pragtech_veterinary_app.group_medical_user,1,1,1,1
access_medical_icu_ecg,access_medical_icu_ecg,model_medical_icu_ecg,pragtech_veterinary_app.group_medical_user,1,1,1,1
access_medical_icu_apache2,access_medical_icu_apache2,model_medical_icu_apache2,pragtech_veterinary_app.group_medical_user,1,1,1,1
access_medical_icu_chest_drainage,access_medical_icu_chest_drainage,model_medical_icu_chest_drainage,pragtech_veterinary_app.group_medical_user,1,1,1,1
access_medical_inpatient_icu,access_medical_inpatient_icu,model_medical_inpatient_icu,pragtech_veterinary_app.group_medical_user,1,1,1,1