<?xml version="1.0" encoding="utf-8"?>
<odoo>
  <data noupdate="1">
    <record id="tax_group_iva" model="account.tax.group">
      <field name="name">IVA</field>
      <field name="code">01</field>
      <field name="description">Impuesto de Valor Agregado</field>
      <field name="sequence">1</field>
      <field name="is_percent">True</field>
    </record>
    <record id="tax_group_ic" model="account.tax.group">
      <field name="name">IC</field>
      <field name="code">02</field>
      <field name="description">Impuesto al Consumo</field>
      <field name="sequence">1</field>
      <field name="is_percent">True</field>
    </record>
    <record id="tax_group_ica" model="account.tax.group">
      <field name="name">ICA</field>
      <field name="code">03</field>
      <field name="description">Impuesto de Industria, Comercio y Aviso</field>
      <field name="sequence">1</field>
      <field name="is_percent">True</field>
    </record>
    <record id="tax_group_inc" model="account.tax.group">
      <field name="name">INC</field>
      <field name="code">04</field>
      <field name="description">Impuesto Nacional al Consumo</field>
      <field name="sequence">1</field>
      <field name="is_percent">True</field>
    </record>
    <record id="tax_group_rete_iva" model="account.tax.group">
      <field name="name">ReteIVA</field>
      <field name="code">05</field>
      <field name="description">Retención sobre el IVA</field>
      <field name="sequence">1</field>
      <field name="is_percent">True</field>
    </record>
    <record id="tax_group_rete_fuente" model="account.tax.group">
      <field name="name">ReteFuente</field>
      <field name="code">06</field>
      <field name="description">Retención sobre Renta</field>
      <field name="sequence">1</field>
      <field name="is_percent">True</field>
    </record>
    <record id="tax_group_rete_ica" model="account.tax.group">
      <field name="name">ReteICA</field>
      <field name="code">07</field>
      <field name="description">Retención sobre el ICA</field>
      <field name="sequence">1</field>
      <field name="is_percent">True</field>
    </record>
    <record id="tax_group_fto_horticultura" model="account.tax.group">
      <field name="name">FtoHorticultura</field>
      <field name="code">20</field>
      <field name="description">Cuota de Fomento Hortifrutícula</field>
      <field name="sequence">1</field>
      <field name="is_percent">True</field>
    </record>
    <record id="tax_group_timbre" model="account.tax.group">
      <field name="name">Timbre</field>
      <field name="code">21</field>
      <field name="description">Impuesto de Timbre</field>
      <field name="sequence">1</field>
      <field name="is_percent">True</field>
    </record>
    <record id="tax_group_bolsas" model="account.tax.group">
      <field name="name">Bolsas</field>
      <field name="code">22</field>
      <field name="description">Impuesto al Consumo de Bolsa Plástica</field>
      <field name="sequence">1</field>
      <field name="is_percent">False</field>
    </record>
    <record id="tax_group_inc_carbono" model="account.tax.group">
      <field name="name">INCarbono</field>
      <field name="code">23</field>
      <field name="description">Impuesto Nacional al Carbono</field>
      <field name="sequence">1</field>
      <field name="is_percent">False</field>
    </record>
    <record id="tax_group_inc_combustibles" model="account.tax.group">
      <field name="name">INCombustibles</field>
      <field name="code">24</field>
      <field name="description">Impuesto Nacional a los Combustibles</field>
      <field name="sequence">1</field>
      <field name="is_percent">True</field>
    </record>
    <record id="tax_group_sobretasa_combustibles" model="account.tax.group">
      <field name="name">Sobretasa Combustibles</field>
      <field name="code">25</field>
      <field name="description">Sobretasa a los combustibles</field>
      <field name="sequence">1</field>
      <field name="is_percent">True</field>
    </record>
    <record id="tax_group_sordicom" model="account.tax.group">
      <field name="name">Sordicom</field>
      <field name="code">26</field>
      <field name="description">Contribución minoristas (Combustibles)</field>
      <field name="sequence">1</field>
      <field name="is_percent">True</field>
    </record>
    <record id="tax_group_no_causa" model="account.tax.group">
      <field name="name">No causa</field>
      <field name="code">ZY</field>
      <field name="description">No responsable de tributo</field>
      <field name="sequence">1</field>
      <field name="is_percent">True</field>
    </record>
    <record id="tax_group_ninguna" model="account.tax.group">
      <field name="name">Nombre de la figura tributaria</field>
      <field name="code">ZZ</field>
      <field name="description">Otros tributos, tasas, contribuciones, y similares</field>
      <field name="sequence">1</field>
      <field name="is_percent">True</field>
    </record>
  </data>
</odoo>
