id,bic,name,street,city,country:id,phone,bank_code
BANCO1001,01,BANCO DE BOGOTÁ,Calle 36 No.  7- 47,11001,base.co,3383396 - 3380822,1001
BANCO1002,02,BANCO POPULAR,Calle 17 No. 7- 35/43,11001,base.co,3395500 - 3395550,1002
BANCO1006,65,BANCO SANTANDER DE NEGOCIOS COLOMBIA S.A. - BANCO SANTANDER,Carrera 7 No. 99 - 53,11001,base.co,6448500,1065
BANCO1007,07,BANCOLOMBIA S.A.,Carrera 48 No. 26 - 85 Avenida Los Industriales,05001,base.co,(574) 4040000,1007
BANCO1009,09,CITIBANK COLOMBIA,Carrera 9A No. 99 - 02 Piso 3,11001,base.co,6394069,1009
BANCO1010,12,BANCO GNB SUDAMERIS COLOMBIA,Carrera 7 No. 71 - 21 Torre B Piso 16,11001,base.co,3345088 - 2863155 - 3190950 - 3175404,1012
BANCO1012,,BANCO GNB SUDAMERIS,Notificación: Carrera 7  No 75 - 85/87  Correspondencia:  Por la Carrera Octava (8a.) ,11001,base.co,PBX 2750000,1012
BANCO1013,13,BBVA COLOMBIA,Carrera 9 No. 72 - 21,11001,base.co,3471600 - 3124666,1013
BANCO1023,23,BANCO DE OCCIDENTE,Carrera 4 No. 7- 61 Piso 15- En  Bogotá: Carrera 13 No. 27- 47,76001,base.co,8861111 - Bogotá: 2972000,1023
BANCO1030,32,BANCO CAJA SOCIAL - BCSC S.A.,Carrera 7 No. 77- 65 Torre Colmena,11001,base.co,3138000 - 3215000,1032
BANCO1039,51,BANCO DAVIVIENDA S.A.,Avenida el Dorado No. 68 C -61 Piso 10 Avenida El Dorado No 68B - 31 Piso 1 - Notificaciones,11001,base.co,3300000 -                                01 8000123838,1051
BANCO1042,19,RED MULTIBANCA COLPATRIA S.A.,Carrera 7 No. 24 - 89 Piso 10,11001,base.co,3386300-3386161,1019
BANCO1043,40,BANCO AGRARIO DE COLOMBIA S.A.,Carrera 8 No. 15 - 43,11001,base.co,3821400,1040
BANCO1049,52,BANCO AV VILLAS,Carrera 13 No. 27- 47,11001,base.co,2875411 - 2873027,1052
BANCO1051,58,BANCO PROCREDIT,Avenida Calle 39 No. 13 A - 16,11001,base.co,5978480  5954040
BANCO1052,59,BANCAMIA,Carrera 9 No. 66 - 25,11001,base.co,3139300,1059
BANCO1053,,WWB,Avenida 5 Norte No. 16 N - 57 Piso 4,76001,base.co,(2) 6083947 - 6083914 - 6618443
BANCO1054,61,BANCOOMEVA,Casa Principal y Notificación: Calle 13 No. 57 - 50  Piso 2,76001,base.co,092-333-00-00 ext 31204,1061
BANCO1055,63,BANCO FINANDINA S.A.,Carrera 19 No. 93 A - 45,11001,base.co,6233345 - 6233343,1063
BANCO1056,62,BANCO FALABELLA S.A.,Avenida 19 No. 120 - 71 Piso 3,11001,base.co,5878787,1062
BANCO1057,60,BANCO PICHINCHA S.A.,Carrera 35 No. 42 - 39  Carrera 11 No. 92 - 09,68001,base.co,(577) 6800299  (571) 6501052,1060
BANCO1058,66,BANCO COOPERATIVO COOPCENTRAL,Calle 99 No. 9A - 54 Torre 3 Piso 14 Of.14-02,11001,base.co,PBX 65878444        Fijo 5878441,1066
BANCO1059,,BANCO SANTANDER DE NEGOCIOS COLOMBIA S. A,Carrera 7 No. 75 - 66 Piso 7,11001,base.co,7434222,1065
BANCO2011,,CORFICOLOMBIANA,"Carrera 13 No. 26 - 45 Pisos 3, 7 y 8. Apartado Aereo 11843",11001,base.co,2863300
BANCO2037,,BANCA DE INVERSIÓN BANCOLOMBIA,"Carrera 48 No. 26 - 85, Torre Sur, Piso 10 Sector E",05001,base.co,PBX 4040000
BANCO2041,,JP MORGAN,"Carrera 11 No. 84 - 09 Oficinas 701, 702 y 703",11001,base.co,3269680 / 3269630,1071
BANCO2042,,BNP PARIBAS,Carrera 8 A No. 99 - 51 Torre A Piso 9  World Trade Center,11001,base.co,571-2184097
BANCO2047,,ITAÚ BBA COLOMBIA S.A.,Carrera 11 No. 84 - 09 Oficinas 401,11001,base.co,5934555
BANCO4005,,FINAMÉRICA,Calle 16 No. 6 - 66 Piso 4 Edificio Avianca,11001,base.co,2868609
BANCO4008,,GIROS Y FINANZAS,Calle 4 No. 27 - 52,76001,base.co,5575780,1303
BANCO4017,,FACTORING BANCOLOMBIA,Carrera 48 No. 26 - 85 Avenida Los Industriales,05001,base.co,2519955
BANCO4023,,SERFINANSA,"Calle 72 No. 54 - 35 Pisos 1, 11 y 12",08001,base.co,3509131 - 3509118 - 3509100
BANCO4026,,TUYA,"Calle 4 Sur No.43 A - 109 Torre Tuya,   Piso 3. ",05001,base.co,3198210
BANCO4031,,G.M.A.C,Calle 98 No. 22 - 64 Piso 9,11001,base.co,6380900 - 018000919577 -6113752
BANCO4033,,INTERNACIONAL,Carrera 12 No. 93 - 30,11001,base.co,5220003
BANCO4035,,MACROFINANCIERA,Carrera 7 No. 73 - 47 Piso 6 ,11001,base.co,3256600
BANCO4046,,COLTEFINANCIERA,Calle 52 No. 47- 42 Pisos 11 y 12,05001,base.co,5115300,1370
BANCO4059,,LEASING CORFICOLOMBIANA,Calle 10 No. 4 - 47 Piso 17,76001,base.co,8834787
BANCO4065,,LEASING BOLÍVAR,Carrera 7 No. 71 - 52 Torre B Piso 12,11001,base.co,3122377
BANCO4067,,LEASING BANCOLOMBIA,Carrera 48 No. 26 - 85 Avenida Los Industriales,05001,base.co,18000515556
BANCO4101,,LEASING BANCOLDEX,Calle 28 No. 13 A - 15 Piso 21,11001,base.co,6218844 - 6218733
BANCO4108,,FINANCIERA DANN REGIONAL,Carrera 43A No. 7- 50 Piso 17 Torre Financiera Dann,05001,base.co,2666639
BANCO4111,,"C.A. CREDIFINANCIERA S.A. CF, ""C.A. CREDIFINANCIERA CF"", ""C.A. CREDIFINANCIERA S.A."", ""C.A. CREDIFINANCIERA""",Carrera 10 No. 65 - 98 Piso 3,11001,base.co,4926792,1558
BANCO4113,,FINANCIERA CAMBIAMOS,Calle 78 No. 9 - 53,11001,base.co,3131010
BANCO4114,,MI PLATA,Calle 93 No. 11a - 11 Oficina 601,11001,base.co,7431800
BANCO4115,,PAGOS INTERNACIONALES,"Calle 5 No. 50 - 103 Ciudadela Comercial Cosmocentro, Local 245",76001,base.co,6847100
BANCO4116,,LA POLAR,Calle 103 No. 14 A - 53 Of. 403,11001,base.co,(571) 7051900
BANCO4117,,CREDIFAMILIA,Carrera 11 A No. 69 - 08,11001,base.co,6050400
BANCO4118,,OICOLOMBIA ,Calle 70 No. 7 - 30 Piso 9,11001,base.co,(57) 1 5190952
BANCO4119,,RIPLEY COMPAÑÍA DE FINANCIAMIENTO S.A.,Calle 134 No. 7 B - 83 Of. 1104,11001,base.co,7449393
BANCO4120,00,BANCO DE LA REPÚBLICA,,,,
BANCO4121,06,BANCO CORPBANCA COLOMBIA S.A.,,,,
BANCO4122,53,BANCO W S.A.,,,,
BANCO4123,64,BANCO MULTIBANK S.A,,,,
BANCO4124,67,BANCO COMPARTIR S.A,,,,
BANCO4124,,Scotiabank Colpatria S.A.,,,,
