id,name,model_id:id,group_id:id,perm_read,perm_write,perm_create,perm_unlink
access_medical_imaging_test_type,access_medical_imaging_test_type,model_medical_imaging_test_type,pragtech_veterinary_app.group_medical_user,1,1,1,1
access_medical_imaging_test,access_medical_imaging_test,model_medical_imaging_test,pragtech_veterinary_app.group_medical_user,1,1,1,1
access_medical_imaging_test_request,access_medical_imaging_test_request,model_medical_imaging_test_request,pragtech_veterinary_app.group_medical_user,1,1,1,1
access_medical_imaging_test_result,access_medical_imaging_test_result,model_medical_imaging_test_result,pragtech_veterinary_app.group_medical_user,1,1,1,1
