<?xml version="1.0" encoding="utf-8"?>
<odoo>p>
    <data noupdate="1">

        <record model="product.category" id="medicament_p">
            <field name="name">Medicaments</field>
        </record>

        <record model="product.category" id="generic">
            <field name="name">Generics</field>
            <field name="parent_id" ref="medicament_p"/>
        </record>

        <record model="product.category" id="vaccine">
            <field name="name">Vaccines</field>
            <field name="parent_id" ref="medicament_p"/>
        </record>


    </data>
</odoo>

