<?xml version="1.0" encoding="utf-8"?>
<odoo>
    <data noupdate="True">
        <record model="medical.drug.form" id="AEM">
            <field name="name">Aerosol metered-dose</field>
            <field name="code">AEM</field>
        </record>
        <record model="medical.drug.form" id="AER">
            <field name="name">Aerosol with propellants</field>
            <field name="code">AER</field>
        </record>
        <record model="medical.drug.form" id="BAR">
            <field name="name">Bar chewable</field>
            <field name="code">BAR</field>
        </record>
        <record model="medical.drug.form" id="BEA">
            <field name="name">Bead</field>
            <field name="code">BEA</field>
        </record>
        <record model="medical.drug.form" id="BIS">
            <field name="name">Biscuit</field>
            <field name="code">BIS</field>
        </record>
        <record model="medical.drug.form" id="BLS">
            <field name="name">Bolus</field>
            <field name="code">BLS</field>
        </record>
        <record model="medical.drug.form" id="CAP">
            <field name="name">Capsule</field>
            <field name="code">CAP</field>
        </record>
        <record model="medical.drug.form" id="CART">
            <field name="name">Cartridge</field>
            <field name="code">CART</field>
        </record>
        <record model="medical.drug.form" id="CDR">
            <field name="name">Capsule delayed release</field>
            <field name="code">CDR</field>
        </record>
        <record model="medical.drug.form" id="CMT">
            <field name="name">Cement</field>
            <field name="code">CMT</field>
        </record>
        <record model="medical.drug.form" id="COR">
            <field name="name">Cord</field>
            <field name="code">COR</field>
        </record>
        <record model="medical.drug.form" id="CRM">
            <field name="name">Cream</field>
            <field name="code">CRM</field>
        </record>
        <record model="medical.drug.form" id="DCH">
            <field name="name">Douche</field>
            <field name="code">DCH</field>
        </record>
        <record model="medical.drug.form" id="DPS">
            <field name="name">Drops</field>
            <field name="code">DPS</field>
        </record>
        <record model="medical.drug.form" id="DRE">
            <field name="name">Dressing</field>
            <field name="code">DRE</field>
        </record>
        <record model="medical.drug.form" id="ECC">
            <field name="name">Capsule enteric-coated</field>
            <field name="code">ECC</field>
        </record>
        <record model="medical.drug.form" id="ECT">
            <field name="name">Tablet enteric coated</field>
            <field name="code">ECT</field>
        </record>
        <record model="medical.drug.form" id="ELX">
            <field name="name">Elixir</field>
            <field name="code">ELX</field>
        </record>
        <record model="medical.drug.form" id="EML">
            <field name="name">Emulsion</field>
            <field name="code">EML</field>
        </record>
        <record model="medical.drug.form" id="ENM">
            <field name="name">Enema</field>
            <field name="code">ENM</field>
        </record>
        <record model="medical.drug.form" id="EVT">
            <field name="name">Tablet effervescent</field>
            <field name="code">EVT</field>
        </record>
        <record model="medical.drug.form" id="FLS">
            <field name="name">Floss</field>
            <field name="code">FLS</field>
        </record>
        <record model="medical.drug.form" id="GAS">
            <field name="name">Gas</field>
            <field name="code">GAS</field>
        </record>
        <record model="medical.drug.form" id="GDR">
            <field name="name">Granule for suspension delayed release</field>
            <field name="code">GDR</field>
        </record>
        <record model="medical.drug.form" id="GEF">
            <field name="name">Granule effervescent</field>
            <field name="code">GEF</field>
        </record>
        <record model="medical.drug.form" id="GEL">
            <field name="name">Gel</field>
            <field name="code">GEL</field>
        </record>
        <record model="medical.drug.form" id="GER">
            <field name="name">Gel controlled release</field>
            <field name="code">GER</field>
        </record>
        <record model="medical.drug.form" id="GLO">
            <field name="name">Globules</field>
            <field name="code">GLO</field>
        </record>
        <record model="medical.drug.form" id="GRA">
            <field name="name">Granules</field>
            <field name="code">GRA</field>
        </record>
        <record model="medical.drug.form" id="GRT">
            <field name="name">Graft</field>
            <field name="code">GRT</field>
        </record>
        <record model="medical.drug.form" id="GUM">
            <field name="name">Gum chewable</field>
            <field name="code">GUM</field>
        </record>
        <record model="medical.drug.form" id="IMP">
            <field name="name">Implant</field>
            <field name="code">IMP</field>
        </record>
        <record model="medical.drug.form" id="INS">
            <field name="name">Insert</field>
            <field name="code">INS</field>
        </record>
        <record model="medical.drug.form" id="IER">
            <field name="name">Insert extended release</field>
            <field name="code">IER</field>
        </record>
        <record model="medical.drug.form" id="JAM">
            <field name="name">Jam</field>
            <field name="code">JAM</field>
        </record>
        <record model="medical.drug.form" id="KIT">
            <field name="name">Kit</field>
            <field name="code">KIT</field>
        </record>
        <record model="medical.drug.form" id="LEF">
            <field name="name">Leaf</field>
            <field name="code">LEF</field>
        </record>
        <record model="medical.drug.form" id="LIP">
            <field name="name">Liposome</field>
            <field name="code">LIP</field>
        </record>
        <record model="medical.drug.form" id="LIQ">
            <field name="name">Liquid</field>
            <field name="code">LIQ</field>
        </record>
        <record model="medical.drug.form" id="LOT">
            <field name="name">Lotion</field>
            <field name="code">LOT</field>
        </record>
        <record model="medical.drug.form" id="LOZ">
            <field name="name">Lozenge</field>
            <field name="code">LOZ</field>
        </record>
        <record model="medical.drug.form" id="MWH">
            <field name="name">Mouthwash gargle</field>
            <field name="code">MWH</field>
        </record>
        <record model="medical.drug.form" id="ONT">
            <field name="name">Ointment</field>
            <field name="code">ONT</field>
        </record>
        <record model="medical.drug.form" id="OVU">
            <field name="name">Ovules</field>
            <field name="code">OVU</field>
        </record>
        <record model="medical.drug.form" id="PAD">
            <field name="name">Pad</field>
            <field name="code">PAD</field>
        </record>
        <record model="medical.drug.form" id="PATCH">
            <field name="name">Patch</field>
            <field name="code">PATCH</field>
        </record>
        <record model="medical.drug.form" id="PEC">
            <field name="name">Powder enteric coated</field>
            <field name="code">PEC</field>
        </record>
        <record model="medical.drug.form" id="PEF">
            <field name="name">Powder effervescent</field>
            <field name="code">PEF</field>
        </record>
        <record model="medical.drug.form" id="PEN">
            <field name="name">Pencil</field>
            <field name="code">PEN</field>
        </record>
        <record model="medical.drug.form" id="PIC">
            <field name="name">Piece chewable</field>
            <field name="code">PIC</field>
        </record>
        <record model="medical.drug.form" id="PLS">
            <field name="name">Plaster</field>
            <field name="code">PLS</field>
        </record>
        <record model="medical.drug.form" id="PMD">
            <field name="name">Metered dose pump</field>
            <field name="code">PMD</field>
        </record>
        <record model="medical.drug.form" id="PMX">
            <field name="name">Drug premix</field>
            <field name="code">PMX</field>
        </record>
        <record model="medical.drug.form" id="POR">
            <field name="name">Pellet (oral)</field>
            <field name="code">POR</field>
        </record>
        <record model="medical.drug.form" id="POW">
            <field name="name">Powder</field>
            <field name="code">POW</field>
        </record>
        <record model="medical.drug.form" id="PSS">
            <field name="name">Powder sustained release</field>
            <field name="code">PSS</field>
        </record>
        <record model="medical.drug.form" id="PSSR">
            <field name="name">Powder for suspension sustained release</field>
            <field name="code">PSSR</field>
        </record>
        <record model="medical.drug.form" id="PST">
            <field name="name">Paste</field>
            <field name="code">PST</field>
        </record>
        <record model="medical.drug.form" id="PSU">
            <field name="name">Powder for suspension</field>
            <field name="code">PSU</field>
        </record>
        <record model="medical.drug.form" id="PWSO">
            <field name="name">Powder for solution</field>
            <field name="code">PWSO</field>
        </record>
        <record model="medical.drug.form" id="RING">
            <field name="name">Ring slow release</field>
            <field name="code">RING</field>
        </record>
        <record model="medical.drug.form" id="SDR">
            <field name="name">Suspension delayed release</field>
            <field name="code">SDR</field>
        </record>
        <record model="medical.drug.form" id="SHP">
            <field name="name">Shampoo</field>
            <field name="code">SHP</field>
        </record>
        <record model="medical.drug.form" id="SMD">
            <field name="name">Spray metered dose</field>
            <field name="code">SMD</field>
        </record>
        <record model="medical.drug.form" id="SOL">
            <field name="name">Solution</field>
            <field name="code">SOL</field>
        </record>
        <record model="medical.drug.form" id="SOP">
            <field name="name">Soap bar</field>
            <field name="code">SOP</field>
        </record>
        <record model="medical.drug.form" id="SPCAP">
            <field name="name">Sprinkle capsule</field>
            <field name="code">SPCAP</field>
        </record>
        <record model="medical.drug.form" id="SPG">
            <field name="name">Sponge</field>
            <field name="code">SPG</field>
        </record>
        <record model="medical.drug.form" id="SPR">
            <field name="name">Spray</field>
            <field name="code">SPR</field>
        </record>
        <record model="medical.drug.form" id="SPS">
            <field name="name">Suppository sustained release</field>
            <field name="code">SPS</field>
        </record>
        <record model="medical.drug.form" id="SRC">
            <field name="name">Sustained release capsule</field>
            <field name="code">SRC</field>
        </record>
        <record model="medical.drug.form" id="SRD">
            <field name="name">Disc sustained release</field>
            <field name="code">SRD</field>
        </record>
        <record model="medical.drug.form" id="SRS">
            <field name="name">Syrup sustained release</field>
            <field name="code">SRS</field>
        </record>
        <record model="medical.drug.form" id="SRT">
            <field name="name">Sustained release tablet</field>
            <field name="code">SRT</field>
        </record>
        <record model="medical.drug.form" id="STK">
            <field name="name">Stick</field>
            <field name="code">STK</field>
        </record>
        <record model="medical.drug.form" id="STP">
            <field name="name">Strip</field>
            <field name="code">STP</field>
        </record>
        <record model="medical.drug.form" id="SUP">
            <field name="name">Suppository</field>
            <field name="code">SUP</field>
        </record>
        <record model="medical.drug.form" id="SUS">
            <field name="name">Suspension</field>
            <field name="code">SUS</field>
        </record>
        <record model="medical.drug.form" id="SUT">
            <field name="name">Suture</field>
            <field name="code">SUT</field>
        </record>
        <record model="medical.drug.form" id="SWA">
            <field name="name">Swab</field>
            <field name="code">SWA</field>
        </record>
        <record model="medical.drug.form" id="SYR">
            <field name="name">Syrup</field>
            <field name="code">SYR</field>
        </record>
        <record model="medical.drug.form" id="TAB">
            <field name="name">Tablet</field>
            <field name="code">TAB</field>
        </record>
        <record model="medical.drug.form" id="TABC">
            <field name="name">Tablet chewable</field>
            <field name="code">TABC</field>
        </record>
        <record model="medical.drug.form" id="TDIS">
            <field name="name">Tablet dispersible</field>
            <field name="code">TDIS</field>
        </record>
        <record model="medical.drug.form" id="TDR">
            <field name="name">Tablet delayed release</field>
            <field name="code">TDR</field>
        </record>
        <record model="medical.drug.form" id="TRD">
            <field name="name">Tablet rapid dissolve</field>
            <field name="code">TRD</field>
        </record>
        <record model="medical.drug.form" id="SLT">
            <field name="name">Tablet sublingual</field>
            <field name="code">SLT</field>
        </record>
        <record model="medical.drug.form" id="TAP">
            <field name="name">Tape</field>
            <field name="code">TAP</field>
        </record>
        <record model="medical.drug.form" id="TDL">
            <field name="name">Teat dilator</field>
            <field name="code">TDL</field>
        </record>
        <record model="medical.drug.form" id="TEA">
            <field name="name">Tea herbal</field>
            <field name="code">TEA</field>
        </record>
        <record model="medical.drug.form" id="TPT">
            <field name="name">Toothpaste</field>
            <field name="code">TPT</field>
        </record>
        <record model="medical.drug.form" id="UNS">
            <field name="name">Unassigned</field>
            <field name="code">UNS</field>
        </record>
        <record model="medical.drug.form" id="WAF">
            <field name="name">Wafer</field>
            <field name="code">WAF</field>
        </record>
        <record model="medical.drug.form" id="WIP">
            <field name="name">Wipe</field>
            <field name="code">WIP</field>
        </record>
    </data>
</odoo>
