<?xml version="1.0" encoding="utf-8"?>
<odoo>
    <data noupdate="1">
        <!--
	Sequences for Appointments
	-->
        <record id="seq_appointment" model="ir.sequence">
            <field name="name">Appointment</field>
            <field name="code">medical.appointment</field>
            <field eval="0" name="padding"/>
            <field name="prefix">APT</field>
            <field name="padding">3</field>
        </record>

        <!-- Sequences for patient -->
        <record id="seq_medical_patients" model="ir.sequence">
            <field name="name">Patient</field>
            <field name="code">medical.patient</field>
            <field name="prefix">PAC</field>
            <field name="padding">3</field>
            <field eval="1" name="number_increment"/>
        </record>

        <!-- Sequences for prescription -->
        <record id="seq_medical_prescription" model="ir.sequence">
            <field name="name">Prescription</field>
            <field name="code">medical.prescription</field>
            <field name="prefix">PRES%(year)s/</field>
            <field name="padding">6</field>
            <field name="number_increment" eval="1"/>
        </record>

    </data>
</odoo>
