<?xml version="1.0" encoding="utf-8" ?>
<odoo>
    <data>
        <record model="hour.select" id="hs0">
            <field name="name">00</field>
        </record>
        <record model="hour.select" id="hs1">
            <field name="name">01</field>
        </record>
        <record model="hour.select" id="hs2">
            <field name="name">02</field>
        </record>
        <record model="hour.select" id="hs3">
            <field name="name">03</field>
        </record>
        <record model="hour.select" id="hs4">
            <field name="name">04</field>
        </record>
        <record model="hour.select" id="hs5">
            <field name="name">05</field>
        </record>
        <record model="hour.select" id="hs6">
            <field name="name">06</field>
        </record>
        <record model="hour.select" id="hs7">
            <field name="name">07</field>
        </record>
        <record model="hour.select" id="hs8">
            <field name="name">08</field>
        </record>
        <record model="hour.select" id="hs9">
            <field name="name">09</field>
        </record>
        <record model="hour.select" id="hs10">
            <field name="name">10</field>
        </record>
        <record model="hour.select" id="hs11">
            <field name="name">11</field>
        </record>
        <record model="hour.select" id="hs12">
            <field name="name">12</field>
        </record>
        <record model="hour.select" id="hs13">
            <field name="name">13</field>
        </record>
        <record model="hour.select" id="hs14">
            <field name="name">14</field>
        </record>
        <record model="hour.select" id="hs15">
            <field name="name">15</field>
        </record>
        <record model="hour.select" id="hs16">
            <field name="name">16</field>
        </record>
        <record model="hour.select" id="hs17">
            <field name="name">17</field>
        </record>
        <record model="hour.select" id="hs18">
            <field name="name">18</field>
        </record>
        <record model="hour.select" id="hs19">
            <field name="name">19</field>
        </record>
        <record model="hour.select" id="hs20">
            <field name="name">20</field>
        </record>
        <record model="hour.select" id="hs21">
            <field name="name">21</field>
        </record>
        <record model="hour.select" id="hs22">
            <field name="name">22</field>
        </record>
        <record model="hour.select" id="hs23">
            <field name="name">23</field>
        </record>

        <record model="minute.select" id="minute0">
            <field name="name">00</field>
        </record>
        <record model="minute.select" id="minute1">
            <field name="name">01</field>
        </record>
        <record model="minute.select" id="minute2">
            <field name="name">02</field>
        </record>
        <record model="minute.select" id="minute3">
            <field name="name">03</field>
        </record>
        <record model="minute.select" id="minute4">
            <field name="name">04</field>
        </record>
        <record model="minute.select" id="minute5">
            <field name="name">05</field>
        </record>
        <record model="minute.select" id="minute6">
            <field name="name">06</field>
        </record>
        <record model="minute.select" id="minute7">
            <field name="name">07</field>
        </record>
        <record model="minute.select" id="minute8">
            <field name="name">08</field>
        </record>
        <record model="minute.select" id="minute9">
            <field name="name">09</field>
        </record>
        <record model="minute.select" id="minute10">
            <field name="name">10</field>
        </record>
        <record model="minute.select" id="minute11">
            <field name="name">11</field>
        </record>
        <record model="minute.select" id="minute12">
            <field name="name">12</field>
        </record>
        <record model="minute.select" id="minute13">
            <field name="name">13</field>
        </record>
        <record model="minute.select" id="minute14">
            <field name="name">14</field>
        </record>
        <record model="minute.select" id="minute15">
            <field name="name">15</field>
        </record>
        <record model="minute.select" id="minute16">
            <field name="name">16</field>
        </record>
        <record model="minute.select" id="minute17">
            <field name="name">17</field>
        </record>
        <record model="minute.select" id="minute18">
            <field name="name">18</field>
        </record>
        <record model="minute.select" id="minute19">
            <field name="name">19</field>
        </record>
        <record model="minute.select" id="minute20">
            <field name="name">20</field>
        </record>
        <record model="minute.select" id="minute21">
            <field name="name">21</field>
        </record>
        <record model="minute.select" id="minute22">
            <field name="name">22</field>
        </record>
        <record model="minute.select" id="minute23">
            <field name="name">23</field>
        </record>
        <record model="minute.select" id="minute24">
            <field name="name">24</field>
        </record>
        <record model="minute.select" id="minute25">
            <field name="name">25</field>
        </record>
        <record model="minute.select" id="minute26">
            <field name="name">26</field>
        </record>
        <record model="minute.select" id="minute27">
            <field name="name">27</field>
        </record>
        <record model="minute.select" id="minute28">
            <field name="name">28</field>
        </record>
        <record model="minute.select" id="minute29">
            <field name="name">29</field>
        </record>
        <record model="minute.select" id="minute30">
            <field name="name">30</field>
        </record>
        <record model="minute.select" id="minute31">
            <field name="name">31</field>
        </record>
        <record model="minute.select" id="minute32">
            <field name="name">32</field>
        </record>
        <record model="minute.select" id="minute33">
            <field name="name">33</field>
        </record>
        <record model="minute.select" id="minute34">
            <field name="name">34</field>
        </record>
        <record model="minute.select" id="minute35">
            <field name="name">35</field>
        </record>
        <record model="minute.select" id="minute36">
            <field name="name">36</field>
        </record>
        <record model="minute.select" id="minute37">
            <field name="name">37</field>
        </record>
        <record model="minute.select" id="minute38">
            <field name="name">38</field>
        </record>
        <record model="minute.select" id="minute39">
            <field name="name">39</field>
        </record>
        <record model="minute.select" id="minute40">
            <field name="name">40</field>
        </record>
        <record model="minute.select" id="minute41">
            <field name="name">41</field>
        </record>
        <record model="minute.select" id="minute42">
            <field name="name">42</field>
        </record>
        <record model="minute.select" id="minute43">
            <field name="name">43</field>
        </record>
        <record model="minute.select" id="minute44">
            <field name="name">44</field>
        </record>
        <record model="minute.select" id="minute45">
            <field name="name">45</field>
        </record>
        <record model="minute.select" id="minute46">
            <field name="name">46</field>
        </record>
        <record model="minute.select" id="minute47">
            <field name="name">47</field>
        </record>
        <record model="minute.select" id="minute48">
            <field name="name">48</field>
        </record>
        <record model="minute.select" id="minute49">
            <field name="name">49</field>
        </record>
        <record model="minute.select" id="minute50">
            <field name="name">50</field>
        </record>
        <record model="minute.select" id="minute51">
            <field name="name">51</field>
        </record>
        <record model="minute.select" id="minute52">
            <field name="name">52</field>
        </record>
        <record model="minute.select" id="minute53">
            <field name="name">53</field>
        </record>
        <record model="minute.select" id="minute54">
            <field name="name">54</field>
        </record>
        <record model="minute.select" id="minute55">
            <field name="name">55</field>
        </record>
        <record model="minute.select" id="minute56">
            <field name="name">56</field>
        </record>
        <record model="minute.select" id="minute57">
            <field name="name">57</field>
        </record>
        <record model="minute.select" id="minute58">
            <field name="name">58</field>
        </record>
        <record model="minute.select" id="minute59">
            <field name="name">59</field>
        </record>
    </data>
</odoo>