<?xml version="1.0" encoding="UTF-8"?>
<templates id="template" xml:space="preserve">
    <t t-name="pw_pos_waiter.WaiterButton">
        <span class="control-button btn btn-light rounded-0 fw-bolder" t-on-click="() => this.click()">
            <i class="fa fa-user me-1"></i>
            <span> </span>
            <t t-if="order_waiter">
                <span t-esc="order_waiter"/>
            </t>
            <t t-else="">
                <span>Waiter</span>
            </t>
        </span>
    </t>
    <t t-name="pw_pos_waiter.ReceiptHeader" t-inherit="point_of_sale.ReceiptHeader" t-inherit-mode="extension" owl="1">
        <xpath expr="//div[hasclass('pos-receipt-contact')]" position="after">
            <t t-if="props.data.waiter_id">
                <div style="font-size: 14px;padding-top: 10px;text-align: center;font-weight: 700;">
                    Waiter: <t t-esc="props.data.waiter_id.name"/>
                </div>
            </t>
        </xpath>
    </t>
</templates>
