<?xml version="1.0"?>
<odoo>
    <data>
        <record id="cron_reactivate_bots" model="ir.cron">
            <field name="name">Reactivate bots</field>
            <field name="model_id" ref="model_discuss_channel"/>
            <field name="state">code</field>
            <field name="code">model.reactivate_bots()</field>
            <field name="interval_number">1</field>
            <field name="interval_type">hours</field>
            <field name="numbercall">-1</field>
        </record>
        <record id="cron_reactivate_bots_at_close" model="ir.cron">
            <field name="name">Reactivate bots at close</field>
            <field name="model_id" ref="model_discuss_channel"/>
            <field name="state">code</field>
            <field name="code">model.reactivate_bots_at_close()</field>
            <field name="interval_number">1</field>
            <field name="interval_type">days</field>
            <field name="nextcall" >2024-07-24 22:50:00</field>
            <field name="numbercall">-1</field>
        </record>
        <!-- <record id="cron_welcome_message" model="ir.cron">
            <field name="name">Welcome message next day</field>
            <field name="model_id" ref="model_crm_lead"/>
            <field name="state">code</field>
            <field name="code">model.send_message_to_recent_opportunities()</field>
            <field name="interval_number">1</field>
            <field name="interval_type">days</field>
            <field name="nextcall" >2024-09-14 14:00:00</field>
            <field name="numbercall">-1</field>
        </record> -->
    </data>
</odoo>