<?xml version="1.0" encoding="utf-8"?>
<odoo>
    <data noupdate="1">
        <!-- External identifiers for models -->
        <record id="model_whatsapp_integration" model="ir.model.data">
            <field name="name">model_whatsapp_integration</field>
            <field name="module">my_odoo_chatbot_module</field>
            <field name="model">ir.model</field>
            <field name="res_id" ref="model_whatsapp_integration"/>
        </record>
        <record id="model_chatbot" model="ir.model.data">
            <field name="name">model_chatbot</field>
            <field name="module">my_odoo_chatbot_module</field>
            <field name="model">ir.model</field>
            <field name="res_id" ref="model_chatbot"/>
        </record>
    </data>
</odoo>