<?xml version="1.0" encoding="utf-8"?>
<odoo>
    <data noupdate="0">
        
        <!-- Cron para Backup Automático - DESACTIVADO (Solo manual por ahora) -->
        <record id="backup_auto_scp_cron" model="ir.cron">
            <field name="name">Backup Automático SCP - Manual</field>
            <field name="model_id" ref="model_backup_auto_scp"/>
            <field name="state">code</field>
            <field name="code">model.cron_auto_backup()</field>
            <field name="interval_number">1</field>
            <field name="interval_type">days</field>
            <field name="numbercall">-1</field>
            <field name="active">False</field>
            <field name="user_id" ref="base.user_admin"/>
        </record>
        
    </data>
</odoo>