<?xml version="1.0" encoding="utf-8"?>
<odoo>
    <data noupdate="0">
        
        <!-- CRON: Backup cada 8 horas -->
        <record id="cron_backup_8_hours" model="ir.cron">
            <field name="name">Backup Automático cada 8 horas</field>
            <field name="model_id" ref="model_backup_auto_scp"/>
            <field name="state">code</field>
            <field name="code">env['backup.auto.scp'].cron_auto_backup()</field>
            <field name="interval_number">8</field>
            <field name="interval_type">hours</field>
            <field name="numbercall">-1</field>
            <field name="active" eval="True"/>
            <field name="doall" eval="False"/>
            <field name="nextcall">2025-12-24 00:00:00</field>
        </record>
        
        <!-- CRON: Backup Diario -->
        <record id="cron_backup_daily" model="ir.cron">
            <field name="name">Backup Automático Diario</field>
            <field name="model_id" ref="model_backup_auto_scp"/>
            <field name="state">code</field>
            <field name="code">env['backup.auto.scp'].cron_auto_backup()</field>
            <field name="interval_number">1</field>
            <field name="interval_type">days</field>
            <field name="numbercall">-1</field>
            <field name="active" eval="True"/>
            <field name="doall" eval="False"/>
            <field name="nextcall">2025-12-25 01:00:00</field>
        </record>
        
    </data>
</odoo>
