id,name,model_id:id,group_id:id,perm_read,perm_write,perm_create,perm_unlink
access_medical_lab,medical.lab,model_medical_lab,pragtech_veterinary_app.group_medical_user,1,1,1,1
access_medical_lab_test_units,medical.lab.test.units,model_medical_lab_test_units,pragtech_veterinary_app.group_medical_user,1,1,1,1
access_medical_test_critearea,medical_test.critearea,model_medical_test_critearea,pragtech_veterinary_app.group_medical_user,1,1,1,1
access_medical_test_type,medical.test_type,model_medical_test_type,pragtech_veterinary_app.group_medical_user,1,1,1,1
access_medical_patient_lab_test,medical.patient.lab.test,model_medical_patient_lab_test,pragtech_veterinary_app.group_medical_user,1,1,1,1
access_medical_lab_test_create,medical.lab.test.create,model_medical_lab_test_create,pragtech_veterinary_app.group_medical_user,1,1,1,1

