<?xml version="1.0" encoding="utf-8"?>
<odoo>
    <data noupdate="1">
        <!-- Sequences for inpatient registration-->
        <!-- <record id="seq_type_medical_inpatient" model="ir.sequence.type">
            <field name="name">Inpatient</field>
            <field name="code">medical.inpatient.registration</field>
        </record> -->
        <record id="seq_medical_inpatient" model="ir.sequence">
            <field name="name">Inpatient</field>
            <field name="code">medical.inpatient.registration</field>
            <field name="prefix">INPAC</field>
            <field name="padding">3</field>
        </record>

    </data>
</odoo>
