<?xml version="1.0" encoding="utf-8"?>
<odoo>
<data noupdate="0">



    <record id="group_medical_user" model="res.groups">
        <field name="name">Medical Group</field>
    </record>
    
    <record id="group_medical_chemist" model="res.groups">
        <field name="name">Chemist</field>
    </record>
    
    <record id="group_medical_receptionist" model="res.groups">
        <field name="name">Receptionist</field>
    </record>
    
    <record id="group_medical_doctor" model="res.groups">
        <field name="name">Doctor</field>
    </record>
	
	<!--   <record model='ir.ui.menu' id='medical_conf_menu'>
		<field name="groups_id" eval="[(6,0,[ref('group_medical_user')])]"/>
	</record>
	 
	<record model='ir.ui.menu' id='medical_conf_menu'>
		<field name="groups_id" eval="[(6,0,[ref('group_medical_user')])]"/>
	</record>
	
	<record model='ir.ui.menu' id='medical_conf_menu'>
		<field name="groups_id" eval="[(6,0,[ref('group_medical_user')])]"/>
	</record>

	   <record model='ir.ui.menu' id='medical_conf_prescription'>
		<field name="groups_id" eval="[(6,0,[ref('group_medical_chemist')])]"/>
	</record>  
	 
	<record model='ir.ui.menu' id='medical_appointment_menu'>
		<field name="groups_id" eval="[(6,0,[ref('group_medical_receptionist')])]"/>
	</record>
	
	 <record model='ir.ui.menu' id='medical_reporting_menu'>
		<field name="groups_id" eval="[(6,0,[ref('group_medical_user')])]"/>
	</record>
	
	<record model='ir.ui.menu' id='medical_edit_patient'>
		<field name="groups_id" eval="[(6,0,[ref('group_medical_user')])]"/>
	</record>


	<record model='ir.ui.menu' id='medical_conf_pathology'>
		<field name="groups_id" eval="[(6,0,[ref('group_medical_user')])]"/>
	</record>
	
	<record model='ir.ui.menu' id='medical_conf_operational_areas'>
		<field name="groups_id" eval="[(6,0,[ref('group_medical_user')])]"/>
	</record>
	
	<record model='ir.ui.menu' id='medical_conf_insurances'>
		<field name="groups_id" eval="[(6,0,[ref('group_medical_user')])]"/>
	</record>

	<record model='ir.ui.menu' id='medical_conf_misc'>
		<field name="groups_id" eval="[(6,0,[ref('group_medical_user')])]"/>
	</record>-->
   
<!--    <record model='ir.ui.menu' id='medical_tobeinvoiced_prescription'> -->
<!-- 		<field name="groups_id" eval="[(6,0,[ref('group_medical_chemist')])]"/> -->
<!-- 	</record> -->

</data>
</odoo>
