<?xml version="1.0" encoding="utf-8" ?>
<odoo>
    <data noupdate="True">
        <record model="medical.drugs_recreational" id="hashish">
            <field name="name">Hashish</field>
            <field name="street_name">boom, chronic, gangster, hash, hash oil, hemp</field>
            <field name="toxicity">1</field>
            <field name="addiction_level">1</field>
            <field name="legal_status">1</field>
            <field name="category">cannabinoid</field>
            <field name="withdrawal_level">6</field>
            <field name="reinforcement_level">5</field>
            <field name="tolerance_level">6</field>
            <!-- 	<field name="dependance_level">6</field> -->
            <field name="intoxication_level">4</field>
            <field name="dea_schedule_i" eval="True"/>
            <field name="dea_schedule_ii" eval="False"/>
            <field name="dea_schedule_iii" eval="False"/>
            <field name="dea_schedule_iv" eval="False"/>
            <field name="dea_schedule_v" eval="False"/>
            <field name="route_oral" eval="True"/>
            <field name="route_inhaling" eval="True"/>
            <field name="route_popping" eval="False"/>
            <field name="route_sniffing" eval="False"/>
            <field name="route_injection" eval="False"/>
            <field name="info">euphoria, slowed thinking and reaction time, confusion, impaired balance and
                coordination/cough, frequent respiratory infections; impaired memory and learning; increased heart rate,
                anxiety; panic attacks; tolerance, addiction
            </field>
        </record>
        <record model="medical.drugs_recreational" id="marijuana">
            <field name="name">Marijuana</field>
            <field name="street_name">blunt, dope, ganja, grass, herb, joints, Mary Jane, pot, reefer, sinsemilla,
                skunk, weed
            </field>
            <field name="toxicity">1</field>
            <field name="addiction_level">1</field>
            <field name="legal_status">1</field>
            <field name="category">cannabinoid</field>
            <field name="withdrawal_level">6</field>
            <field name="reinforcement_level">5</field>
            <field name="tolerance_level">6</field>
            <!-- 	<field name="dependance_level">6</field> -->
            <field name="intoxication_level">4</field>
            <field name="dea_schedule_i" eval="True"/>
            <field name="dea_schedule_ii" eval="False"/>
            <field name="dea_schedule_iii" eval="False"/>
            <field name="dea_schedule_iv" eval="False"/>
            <field name="dea_schedule_v" eval="False"/>
            <field name="route_oral" eval="True"/>
            <field name="route_inhaling" eval="True"/>
            <field name="route_popping" eval="False"/>
            <field name="route_sniffing" eval="False"/>
            <field name="route_injection" eval="False"/>
            <field name="info">euphoria, slowed thinking and reaction time, confusion, impaired balance and
                coordination/cough, frequent respiratory infections; impaired memory and learning; increased heart rate,
                anxiety; panic attacks; tolerance, addiction
            </field>
        </record>

        <record model="medical.drugs_recreational" id="barbiturates">
            <field name="name">Barbiturates</field>
            <field name="street_name">Amytal, Nembutal, Seconal, Phenobarbital: barbs, reds, red birds, phennies,
                tooies, yellows, yellow jackets
            </field>
            <field name="toxicity">3</field>
            <field name="addiction_level">2</field>
            <field name="legal_status">1</field>
            <field name="category">depressant</field>
            <field name="withdrawal_level">0</field>
            <field name="reinforcement_level">0</field>
            <field name="tolerance_level">0</field>
            <!-- 	<field name="dependance_level">0</field> -->
            <field name="intoxication_level">0</field>
            <field name="dea_schedule_i" eval="True"/>
            <field name="dea_schedule_ii" eval="False"/>
            <field name="dea_schedule_iii" eval="False"/>
            <field name="dea_schedule_iv" eval="False"/>
            <field name="dea_schedule_v" eval="True"/>
            <field name="route_oral" eval="True"/>
            <field name="route_inhaling" eval="False"/>
            <field name="route_popping" eval="False"/>
            <field name="route_sniffing" eval="False"/>
            <field name="route_injection" eval="True"/>
            <field name="info">Reduced anxiety; feeling of well-being; lowered inhibitions; slowed pulse and breathing;
                lowered blood pressure; poor concentration/fatigue; confusion; impaired coordination, memory, judgment;
                addiction; respiratory depression and arrest; death
                Sedation, drowsiness/depression, unusual excitement, fever, irritability, poor judgment, slurred speech,
                dizziness, life-threatening withdrawal
            </field>
        </record>

        <record model="medical.drugs_recreational" id="benzodiazepines">
            <field name="name">Benzodiazepines</field>
            <field name="street_name">Ativan, Halcion, Librium, Valium, Xanax: candy, downers, sleeping pills, tranks
            </field>
            <field name="toxicity">2</field>
            <field name="addiction_level">2</field>
            <field name="legal_status">1</field>
            <field name="category">depressant</field>
            <field name="withdrawal_level">0</field>
            <field name="reinforcement_level">0</field>
            <field name="tolerance_level">0</field>
            <!-- 	<field name="dependance_level">0</field> -->
            <field name="intoxication_level">0</field>
            <field name="dea_schedule_i" eval="False"/>
            <field name="dea_schedule_ii" eval="False"/>
            <field name="dea_schedule_iii" eval="False"/>
            <field name="dea_schedule_iv" eval="True"/>
            <field name="dea_schedule_v" eval="False"/>
            <field name="route_oral" eval="True"/>
            <field name="route_inhaling" eval="False"/>
            <field name="route_popping" eval="False"/>
            <field name="route_sniffing" eval="False"/>
            <field name="route_injection" eval="True"/>
            <field name="info">Reduced anxiety; feeling of well-being; lowered inhibitions; slowed pulse and breathing;
                lowered blood pressure; poor concentration/fatigue; confusion; impaired coordination, memory, judgment;
                addiction; respiratory depression and arrest; death

                Sedation, drowsiness/dizziness
            </field>
        </record>

        <record model="medical.drugs_recreational" id="flunitrazepam">
            <field name="name">Flunitrazepam</field>
            <field name="street_name">Rohypnol: forget-me pill, Mexican Valium, R2, Roche, roofies, roofinol, rope,
                rophies
            </field>
            <field name="toxicity">3</field>
            <field name="addiction_level">2</field>
            <field name="legal_status">1</field>
            <field name="category">depressant</field>
            <field name="withdrawal_level">0</field>
            <field name="reinforcement_level">0</field>
            <field name="tolerance_level">0</field>
            <!-- 	<field name="dependance_level">0</field> -->
            <field name="intoxication_level">0</field>
            <field name="dea_schedule_i" eval="False"/>
            <field name="dea_schedule_ii" eval="False"/>
            <field name="dea_schedule_iii" eval="False"/>
            <field name="dea_schedule_iv" eval="True"/>
            <field name="dea_schedule_v" eval="False"/>
            <field name="route_oral" eval="True"/>
            <field name="route_inhaling" eval="False"/>
            <field name="route_popping" eval="False"/>
            <field name="route_sniffing" eval="True"/>
            <field name="route_injection" eval="False"/>
            <field name="info">Reduced anxiety; feeling of well-being; lowered inhibitions; slowed pulse and breathing;
                lowered blood pressure; poor concentration/fatigue; confusion; impaired coordination, memory, judgment;
                addiction; respiratory depression and arrest; death

                Visual and gastrointestinal disturbances, urinary retention, memory loss for the time under the drug's
                effects.

                It has been associated with sexual assault.
            </field>
        </record>

        <record model="medical.drugs_recreational" id="ghb">
            <field name="name">GHB</field>
            <field name="street_name">Gamma-hydroxybutyrate: G, Georgia home boy, grievous bodily harm, liquid ecstasy
            </field>
            <field name="toxicity">1</field>
            <field name="addiction_level">2</field>
            <field name="legal_status">1</field>
            <field name="category">depressant</field>
            <field name="withdrawal_level">0</field>
            <field name="reinforcement_level">0</field>
            <field name="tolerance_level">0</field>
            <!-- 	<field name="dependance_level">0</field> -->
            <field name="intoxication_level">0</field>
            <field name="dea_schedule_i" eval="True"/>
            <field name="dea_schedule_ii" eval="False"/>
            <field name="dea_schedule_iii" eval="False"/>
            <field name="dea_schedule_iv" eval="False"/>
            <field name="dea_schedule_v" eval="False"/>
            <field name="route_oral" eval="True"/>
            <field name="route_inhaling" eval="False"/>
            <field name="route_popping" eval="False"/>
            <field name="route_sniffing" eval="False"/>
            <field name="route_injection" eval="False"/>
            <field name="info">Reduced anxiety; feeling of well-being; lowered inhibitions; slowed pulse and breathing;
                lowered blood pressure; poor concentration/fatigue; confusion; impaired coordination, memory, judgment;
                addiction; respiratory depression and arrest; death

                drowsiness, nausea/vomiting, headache, loss of consciousness, loss of reflexes, seizures, coma.

                It has been associated with sexual assault.
            </field>
        </record>

        <record model="medical.drugs_recreational" id="methaqualone">
            <field name="name">Methaqualone</field>
            <field name="street_name">Quaalude, Sopor, Parest: ludes, mandrex, quad, quay</field>
            <field name="toxicity">1</field>
            <field name="addiction_level">2</field>
            <field name="legal_status">1</field>
            <field name="category">depressant</field>
            <field name="withdrawal_level">0</field>
            <field name="reinforcement_level">0</field>
            <field name="tolerance_level">0</field>
            <!-- 	<field name="dependance_level">0</field> -->
            <field name="intoxication_level">0</field>
            <field name="dea_schedule_i" eval="True"/>
            <field name="dea_schedule_ii" eval="False"/>
            <field name="dea_schedule_iii" eval="False"/>
            <field name="dea_schedule_iv" eval="False"/>
            <field name="dea_schedule_v" eval="False"/>
            <field name="route_oral" eval="True"/>
            <field name="route_inhaling" eval="False"/>
            <field name="route_popping" eval="False"/>
            <field name="route_sniffing" eval="False"/>
            <field name="route_injection" eval="True"/>
            <field name="info">Reduced anxiety; feeling of well-being; lowered inhibitions; slowed pulse and breathing;
                lowered blood pressure; poor concentration/fatigue; confusion; impaired coordination, memory, judgment;
                addiction; respiratory depression and arrest; death

                Euphoria/depression, poor reflexes, slurred speech, coma
            </field>
        </record>

        <record model="medical.drugs_recreational" id="ketamine">
            <field name="name">Ketamine</field>
            <field name="street_name">Ketalar SV: cat Valiums, K, Special K, vitamin K</field>
            <field name="toxicity">3</field>
            <field name="addiction_level">1</field>
            <field name="legal_status">1</field>
            <field name="category">dissociative</field>
            <field name="withdrawal_level">0</field>
            <field name="reinforcement_level">0</field>
            <field name="tolerance_level">0</field>
            <!--         <field name="dependance_level">0</field> -->
            <field name="intoxication_level">0</field>
            <field name="dea_schedule_i" eval="False"/>
            <field name="dea_schedule_ii" eval="False"/>
            <field name="dea_schedule_iii" eval="True"/>
            <field name="dea_schedule_iv" eval="False"/>
            <field name="dea_schedule_v" eval="False"/>
            <field name="route_oral" eval="True"/>
            <field name="route_inhaling" eval="False"/>
            <field name="route_popping" eval="False"/>
            <field name="route_sniffing" eval="False"/>
            <field name="route_injection" eval="True"/>
            <field name="info">Increased heart rate and blood pressure, impaired motor function/memory loss; numbness;
                nausea/vomiting.
                At high doses, delirium, depression, respiratory depression and arrest
            </field>
        </record>

        <record model="medical.drugs_recreational" id="pcp">
            <field name="name">PCP and analogs</field>
            <field name="street_name">Phencyclidine; angel dust, boat, hog, love boat, peace pill</field>
            <field name="toxicity">3</field>
            <field name="addiction_level">1</field>
            <field name="legal_status">1</field>
            <field name="category">dissociative</field>
            <field name="withdrawal_level">0</field>
            <field name="reinforcement_level">0</field>
            <field name="tolerance_level">0</field>
            <!--         <field name="dependance_level">0</field> -->
            <field name="intoxication_level">0</field>
            <field name="dea_schedule_i" eval="True"/>
            <field name="dea_schedule_ii" eval="True"/>
            <field name="dea_schedule_iii" eval="False"/>
            <field name="dea_schedule_iv" eval="False"/>
            <field name="dea_schedule_v" eval="False"/>
            <field name="route_oral" eval="True"/>
            <field name="route_inhaling" eval="False"/>
            <field name="route_popping" eval="False"/>
            <field name="route_sniffing" eval="False"/>
            <field name="route_injection" eval="True"/>
            <field name="info">Increased heart rate and blood pressure, impaired motor function/memory loss; numbness;
                nausea/vomiting.
                At high doses, delirium, depression, respiratory depression and arrest
            </field>
        </record>

        <record model="medical.drugs_recreational" id="lsd">
            <field name="name">LSD</field>
            <field name="street_name">Lysergic acid diethylamide: acid, blotter, boomers, cubes, microdot, yellow
                sunshines
            </field>
            <field name="toxicity">1</field>
            <field name="addiction_level">1</field>
            <field name="legal_status">1</field>
            <field name="category">hallucinogen</field>
            <field name="withdrawal_level">0</field>
            <field name="reinforcement_level">0</field>
            <field name="tolerance_level">0</field>
            <!--         <field name="dependance_level">0</field> -->
            <field name="intoxication_level">0</field>
            <field name="dea_schedule_i" eval="True"/>
            <field name="dea_schedule_ii" eval="False"/>
            <field name="dea_schedule_iii" eval="False"/>
            <field name="dea_schedule_iv" eval="False"/>
            <field name="dea_schedule_v" eval="False"/>
            <field name="route_oral" eval="True"/>
            <field name="route_inhaling" eval="False"/>
            <field name="route_popping" eval="False"/>
            <field name="route_sniffing" eval="False"/>
            <field name="route_injection" eval="False"/>
            <field name="info">Altered states of perception and feeling; nausea; persisting perception disorder
                (flashbacks)

                Increased body temperature, heart rate, blood pressure; loss of appetite, sleeplessness, numbness,
                weakness, tremors

                Persistent mental disorders
            </field>
        </record>

        <record model="medical.drugs_recreational" id="mescaline">
            <field name="name">Mescaline</field>
            <field name="street_name">Buttons, cactus, mesc, peyote</field>
            <field name="toxicity">1</field>
            <field name="addiction_level">1</field>
            <field name="legal_status">1</field>
            <field name="category">hallucinogen</field>
            <field name="withdrawal_level">0</field>
            <field name="reinforcement_level">0</field>
            <field name="tolerance_level">0</field>
            <!--         <field name="dependance_level">0</field> -->
            <field name="intoxication_level">0</field>
            <field name="dea_schedule_i" eval="True"/>
            <field name="dea_schedule_ii" eval="False"/>
            <field name="dea_schedule_iii" eval="False"/>
            <field name="dea_schedule_iv" eval="False"/>
            <field name="dea_schedule_v" eval="False"/>
            <field name="route_oral" eval="True"/>
            <field name="route_inhaling" eval="True"/>
            <field name="route_popping" eval="False"/>
            <field name="route_sniffing" eval="False"/>
            <field name="route_injection" eval="False"/>
            <field name="info">Altered states of perception and feeling; nausea; persisting perception disorder
                (flashbacks)

                Increased body temperature, heart rate, blood pressure; loss of appetite, sleeplessness, numbness,
                weakness, tremors

            </field>
        </record>

        <record model="medical.drugs_recreational" id="psilocybin">
            <field name="name">Psilocybin</field>
            <field name="street_name">Magic mushroom, purple passion, shrooms</field>
            <field name="toxicity">1</field>
            <field name="addiction_level">1</field>
            <field name="legal_status">1</field>
            <field name="category">hallucinogen</field>
            <field name="withdrawal_level">0</field>
            <field name="reinforcement_level">0</field>
            <field name="tolerance_level">0</field>
            <!--         <field name="dependance_level">0</field> -->
            <field name="intoxication_level">0</field>
            <field name="dea_schedule_i" eval="True"/>
            <field name="dea_schedule_ii" eval="False"/>
            <field name="dea_schedule_iii" eval="False"/>
            <field name="dea_schedule_iv" eval="False"/>
            <field name="dea_schedule_v" eval="False"/>
            <field name="route_oral" eval="True"/>
            <field name="route_inhaling" eval="False"/>
            <field name="route_popping" eval="False"/>
            <field name="route_sniffing" eval="False"/>
            <field name="route_injection" eval="False"/>
            <field name="info">Altered states of perception and feeling; nausea; persisting perception disorder
                (flashbacks)

                Nervousness, paranoia
            </field>
        </record>

        <record model="medical.drugs_recreational" id="codeine">
            <field name="name">Codeine</field>
            <field name="street_name">Empirin with Codeine, Fiorinal with Codeine, Robitussin A-C, Tylenol with Codeine:
                Captain Cody, schoolboy; (with glutethimide) doors and fours, loads, pancakes and syrup
            </field>
            <field name="toxicity">2</field>
            <field name="addiction_level">3</field>
            <field name="legal_status">1</field>
            <field name="category">opioid</field>
            <field name="withdrawal_level">0</field>
            <field name="reinforcement_level">0</field>
            <field name="tolerance_level">0</field>
            <!--         <field name="dependance_level">0</field> -->
            <field name="intoxication_level">0</field>
            <field name="dea_schedule_i" eval="False"/>
            <field name="dea_schedule_ii" eval="True"/>
            <field name="dea_schedule_iii" eval="True"/>
            <field name="dea_schedule_iv" eval="True"/>
            <field name="dea_schedule_v" eval="False"/>
            <field name="route_oral" eval="True"/>
            <field name="route_inhaling" eval="False"/>
            <field name="route_popping" eval="False"/>
            <field name="route_sniffing" eval="False"/>
            <field name="route_injection" eval="True"/>
            <field name="info">pain relief, euphoria, drowsiness/nausea, constipation, confusion, sedation, respiratory
                depression and arrest, tolerance, addiction, unconsciousness, coma, death

                Less analgesia, sedation, and respiratory depression than morphine

            </field>
        </record>

        <record model="medical.drugs_recreational" id="fentanyl">
            <field name="name">Fentanyl</field>
            <field name="street_name">Actiq, Duragesic, Sublimaze: Apache, China girl, China white, dance fever, friend,
                goodfella, jackpot, murder 8, TNT, Tango and Cash
            </field>
            <field name="toxicity">2</field>
            <field name="addiction_level">3</field>
            <field name="legal_status">1</field>
            <field name="category">opioid</field>
            <field name="withdrawal_level">0</field>
            <field name="reinforcement_level">0</field>
            <field name="tolerance_level">0</field>
            <!--         <field name="dependance_level">0</field> -->
            <field name="intoxication_level">0</field>
            <field name="dea_schedule_i" eval="True"/>
            <field name="dea_schedule_ii" eval="True"/>
            <field name="dea_schedule_iii" eval="False"/>
            <field name="dea_schedule_iv" eval="False"/>
            <field name="dea_schedule_v" eval="False"/>
            <field name="route_oral" eval="True"/>
            <field name="route_inhaling" eval="False"/>
            <field name="route_popping" eval="False"/>
            <field name="route_sniffing" eval="True"/>
            <field name="route_injection" eval="True"/>
            <field name="info">Pain relief, euphoria, drowsiness/nausea, constipation, confusion, sedation, respiratory
                depression and arrest, tolerance, addiction, unconsciousness, coma, death

            </field>
        </record>

        <record model="medical.drugs_recreational" id="heroin">
            <field name="name">Heroin</field>
            <field name="street_name">diacetyl-morphine: brown sugar, dope, H, horse, junk, skag, skunk, smack, white
                horse
            </field>
            <field name="toxicity">3</field>
            <field name="addiction_level">3</field>
            <field name="legal_status">1</field>
            <field name="category">opioid</field>
            <field name="withdrawal_level">2</field>
            <field name="reinforcement_level">2</field>
            <field name="tolerance_level">1</field>
            <!--         <field name="dependance_level">2</field> -->
            <field name="intoxication_level">2</field>
            <field name="dea_schedule_i" eval="True"/>
            <field name="dea_schedule_ii" eval="False"/>
            <field name="dea_schedule_iii" eval="False"/>
            <field name="dea_schedule_iv" eval="False"/>
            <field name="dea_schedule_v" eval="False"/>
            <field name="route_oral" eval="False"/>
            <field name="route_inhaling" eval="True"/>
            <field name="route_popping" eval="False"/>
            <field name="route_sniffing" eval="True"/>
            <field name="route_injection" eval="True"/>
            <field name="info">Pain relief, euphoria, drowsiness/nausea, constipation, confusion, sedation, respiratory
                depression and arrest, tolerance, addiction, unconsciousness, coma, death.

                Staggering gait

            </field>
        </record>

        <record model="medical.drugs_recreational" id="morphine">
            <field name="name">Morphine</field>
            <field name="street_name">Roxanol, Duramorph: M, Miss Emma, monkey, white stuff</field>
            <field name="toxicity">3</field>
            <field name="addiction_level">3</field>
            <field name="legal_status">1</field>
            <field name="category">opioid</field>
            <field name="withdrawal_level">0</field>
            <field name="reinforcement_level">0</field>
            <field name="tolerance_level">0</field>
            <!--         <field name="dependance_level">0</field> -->
            <field name="intoxication_level">0</field>
            <field name="dea_schedule_i" eval="False"/>
            <field name="dea_schedule_ii" eval="True"/>
            <field name="dea_schedule_iii" eval="True"/>
            <field name="dea_schedule_iv" eval="False"/>
            <field name="dea_schedule_v" eval="False"/>
            <field name="route_oral" eval="True"/>
            <field name="route_inhaling" eval="True"/>
            <field name="route_popping" eval="False"/>
            <field name="route_sniffing" eval="False"/>
            <field name="route_injection" eval="True"/>
            <field name="info">Pain relief, euphoria, drowsiness/nausea, constipation, confusion, sedation, respiratory
                depression and arrest, tolerance, addiction, unconsciousness, coma, death.
            </field>
        </record>

        <record model="medical.drugs_recreational" id="oxycodone_hcl">
            <field name="name">oxycodone HCL</field>
            <field name="street_name">Oxycontin: Oxy, O.C., killer</field>
            <field name="toxicity">2</field>
            <field name="addiction_level">3</field>
            <field name="legal_status">1</field>
            <field name="category">opioid</field>
            <field name="withdrawal_level">0</field>
            <field name="reinforcement_level">0</field>
            <field name="tolerance_level">0</field>
            <!--         <field name="dependance_level">0</field> -->
            <field name="intoxication_level">0</field>
            <field name="dea_schedule_i" eval="False"/>
            <field name="dea_schedule_ii" eval="True"/>
            <field name="dea_schedule_iii" eval="False"/>
            <field name="dea_schedule_iv" eval="False"/>
            <field name="dea_schedule_v" eval="False"/>
            <field name="route_oral" eval="True"/>
            <field name="route_inhaling" eval="False"/>
            <field name="route_popping" eval="False"/>
            <field name="route_sniffing" eval="True"/>
            <field name="route_injection" eval="True"/>
            <field name="info">Pain relief, euphoria, drowsiness/nausea, constipation, confusion, sedation, respiratory
                depression and arrest, tolerance, addiction, unconsciousness, coma, death.
            </field>
        </record>

        <record model="medical.drugs_recreational" id="hydrocodone_bitartrate">
            <field name="name">Hydrocodone bitartrate</field>
            <field name="street_name">Vicodin: vike, Watson-387</field>
            <field name="toxicity">2</field>
            <field name="addiction_level">2</field>
            <field name="legal_status">1</field>
            <field name="category">opioid</field>
            <field name="withdrawal_level">0</field>
            <field name="reinforcement_level">0</field>
            <field name="tolerance_level">0</field>
            <!--         <field name="dependance_level">0</field> -->
            <field name="intoxication_level">0</field>
            <field name="dea_schedule_i" eval="False"/>
            <field name="dea_schedule_ii" eval="True"/>
            <field name="dea_schedule_iii" eval="False"/>
            <field name="dea_schedule_iv" eval="False"/>
            <field name="dea_schedule_v" eval="False"/>
            <field name="route_oral" eval="True"/>
            <field name="route_inhaling" eval="False"/>
            <field name="route_popping" eval="False"/>
            <field name="route_sniffing" eval="False"/>
            <field name="route_injection" eval="False"/>
            <field name="info">Pain relief, euphoria, drowsiness/nausea, constipation, confusion, sedation, respiratory
                depression and arrest, tolerance, addiction, unconsciousness, coma, death.
            </field>
        </record>

        <record model="medical.drugs_recreational" id="amphetamine">
            <field name="name">Amphetamine</field>
            <field name="street_name">Biphetamine, Dexedrine: bennies, black beauties, crosses, hearts, LA turnaround,
                speed, truck drivers, uppers
            </field>
            <field name="toxicity">2</field>
            <field name="addiction_level">1</field>
            <field name="legal_status">1</field>
            <field name="category">stimulant</field>
            <field name="withdrawal_level">0</field>
            <field name="reinforcement_level">0</field>
            <field name="tolerance_level">0</field>
            <!--         <field name="dependance_level">0</field> -->
            <field name="intoxication_level">0</field>
            <field name="dea_schedule_i" eval="False"/>
            <field name="dea_schedule_ii" eval="True"/>
            <field name="dea_schedule_iii" eval="False"/>
            <field name="dea_schedule_iv" eval="False"/>
            <field name="dea_schedule_v" eval="False"/>
            <field name="route_oral" eval="True"/>
            <field name="route_inhaling" eval="True"/>
            <field name="route_popping" eval="False"/>
            <field name="route_sniffing" eval="True"/>
            <field name="route_injection" eval="True"/>
            <field name="info">Increased heart rate, blood pressure, metabolism; feelings of exhilaration, energy,
                increased mental alertness/rapid or irregular heart beat; reduced appetite, weight loss, heart failure,
                nervousness, insomnia

                Rapid breathing/tremor, loss of coordination; irritability, anxiousness, restlessness, delirium, panic,
                paranoia, impulsive behavior, aggressiveness, tolerance, addiction, psychosis
            </field>
        </record>

        <record model="medical.drugs_recreational" id="cocaine">
            <field name="name">Cocaine</field>
            <field name="street_name">Cocaine hydrochloride: blow, bump, C, candy, Charlie, coke, crack, flake, rock,
                snow, toot
            </field>
            <field name="toxicity">2</field>
            <field name="addiction_level">2</field>
            <field name="legal_status">1</field>
            <field name="category">stimulant</field>
            <field name="withdrawal_level">4</field>
            <field name="reinforcement_level">1</field>
            <field name="tolerance_level">4</field>
            <!--         <field name="dependance_level">3</field> -->
            <field name="intoxication_level">3</field>
            <field name="dea_schedule_i" eval="False"/>
            <field name="dea_schedule_ii" eval="True"/>
            <field name="dea_schedule_iii" eval="False"/>
            <field name="dea_schedule_iv" eval="False"/>
            <field name="dea_schedule_v" eval="False"/>
            <field name="route_oral" eval="False"/>
            <field name="route_inhaling" eval="True"/>
            <field name="route_popping" eval="False"/>
            <field name="route_sniffing" eval="True"/>
            <field name="route_injection" eval="True"/>
            <field name="info">Increased heart rate, blood pressure, metabolism; feelings of exhilaration, energy,
                increased mental alertness/rapid or irregular heart beat; reduced appetite, weight loss, heart failure,
                nervousness, insomnia.

                Increased temperature/chest pain, respiratory failure, nausea, abdominal pain, strokes, seizures,
                headaches, malnutrition, panic attacks.
            </field>
        </record>

        <record model="medical.drugs_recreational" id="mdma">
            <field name="name">MDMA methylenedioxy-methamphetamine</field>
            <field name="street_name">Adam, clarity, ecstasy, Eve, lover's speed, peace, STP, X, XTC</field>
            <field name="toxicity">2</field>
            <field name="addiction_level">1</field>
            <field name="legal_status">1</field>
            <field name="category">stimulant</field>
            <field name="withdrawal_level">0</field>
            <field name="reinforcement_level">0</field>
            <field name="tolerance_level">0</field>
            <!--         <field name="dependance_level">0</field> -->
            <field name="intoxication_level">0</field>
            <field name="dea_schedule_i" eval="True"/>
            <field name="dea_schedule_ii" eval="False"/>
            <field name="dea_schedule_iii" eval="False"/>
            <field name="dea_schedule_iv" eval="False"/>
            <field name="dea_schedule_v" eval="False"/>
            <field name="route_oral" eval="True"/>
            <field name="route_inhaling" eval="False"/>
            <field name="route_popping" eval="False"/>
            <field name="route_sniffing" eval="False"/>
            <field name="route_injection" eval="False"/>
            <field name="info">Increased heart rate, blood pressure, metabolism; feelings of exhilaration, energy,
                increased mental alertness/rapid or irregular heart beat; reduced appetite, weight loss, heart failure,
                nervousness, insomnia.

                Mild hallucinogenic effects, increased tactile sensitivity, empathic feelings/impaired memory and
                learning, hyperthermia, cardiac toxicity, renal failure, liver toxicity.
            </field>
        </record>

        <record model="medical.drugs_recreational" id="methamphetamine">
            <field name="name">Methamphetamine</field>
            <field name="street_name">Desoxyn: chalk, crank, crystal, fire, glass, go fast, ice, meth, speed</field>
            <field name="toxicity">2</field>
            <field name="addiction_level">1</field>
            <field name="legal_status">1</field>
            <field name="category">stimulant</field>
            <field name="withdrawal_level">0</field>
            <field name="reinforcement_level">0</field>
            <field name="tolerance_level">0</field>
            <!--         <field name="dependance_level">0</field> -->
            <field name="intoxication_level">0</field>
            <field name="dea_schedule_i" eval="False"/>
            <field name="dea_schedule_ii" eval="True"/>
            <field name="dea_schedule_iii" eval="False"/>
            <field name="dea_schedule_iv" eval="False"/>
            <field name="dea_schedule_v" eval="False"/>
            <field name="route_oral" eval="True"/>
            <field name="route_inhaling" eval="True"/>
            <field name="route_popping" eval="False"/>
            <field name="route_sniffing" eval="True"/>
            <field name="route_injection" eval="True"/>
            <field name="info">Increased heart rate, blood pressure, metabolism; feelings of exhilaration, energy,
                increased mental alertness/rapid or irregular heart beat; reduced appetite, weight loss, heart failure,
                nervousness, insomnia.

                Aggression, violence, psychotic behavior/memory loss, cardiac and neurological damage; impaired memory
                and learning, tolerance, addiction
            </field>
        </record>

        <record model="medical.drugs_recreational" id="methylphenidate">
            <field name="name">Methylphenidate</field>
            <field name="street_name">Ritalin: JIF, MPH, R-ball, Skippy, the smart drug, vitamin R</field>
            <field name="toxicity">1</field>
            <field name="addiction_level">1</field>
            <field name="legal_status">1</field>
            <field name="category">stimulant</field>
            <field name="withdrawal_level">0</field>
            <field name="reinforcement_level">0</field>
            <field name="tolerance_level">0</field>
            <!--         <field name="dependance_level">0</field> -->
            <field name="intoxication_level">0</field>
            <field name="dea_schedule_i" eval="False"/>
            <field name="dea_schedule_ii" eval="True"/>
            <field name="dea_schedule_iii" eval="False"/>
            <field name="dea_schedule_iv" eval="False"/>
            <field name="dea_schedule_v" eval="False"/>
            <field name="route_oral" eval="True"/>
            <field name="route_inhaling" eval="False"/>
            <field name="route_popping" eval="False"/>
            <field name="route_sniffing" eval="True"/>
            <field name="route_injection" eval="True"/>
            <field name="info">Increased heart rate, blood pressure, metabolism; feelings of exhilaration, energy,
                increased mental alertness/rapid or irregular heart beat; reduced appetite, weight loss, heart failure,
                nervousness, insomnia.

            </field>
        </record>

        <record model="medical.drugs_recreational" id="nicotine">
            <field name="name">Nicotine</field>
            <field name="street_name">cigarettes, cigars, smokeless tobacco, snuff, spit tobacco, bidis, chew</field>
            <field name="toxicity">1</field>
            <field name="addiction_level">3</field>
            <field name="legal_status">1</field>
            <field name="category">stimulant</field>
            <field name="withdrawal_level">3</field>
            <field name="reinforcement_level">4</field>
            <field name="tolerance_level">2</field>
            <!--         <field name="dependance_level">1</field> -->
            <field name="intoxication_level">5</field>
            <field name="dea_schedule_i" eval="False"/>
            <field name="dea_schedule_ii" eval="False"/>
            <field name="dea_schedule_iii" eval="False"/>
            <field name="dea_schedule_iv" eval="False"/>
            <field name="dea_schedule_v" eval="False"/>
            <field name="route_oral" eval="True"/>
            <field name="route_inhaling" eval="True"/>
            <field name="route_popping" eval="False"/>
            <field name="route_sniffing" eval="True"/>
            <field name="route_injection" eval="False"/>
            <field name="info">Increased heart rate, blood pressure, metabolism; feelings of exhilaration, energy,
                increased mental alertness/rapid or irregular heart beat; reduced appetite, weight loss, heart failure,
                nervousness, insomnia.

                Additional effects attributable to tobacco exposure; adverse pregnancy outcomes; chronic lung disease,
                cardiovascular disease, stroke, cancer, tolerance, addiction.

            </field>
        </record>

        <record model="medical.drugs_recreational" id="anabolic_steroids">
            <field name="name">Anabolic steroids</field>
            <field name="street_name">Anadrol, Oxandrin, Durabolin, Depo-Testosterone, Equipoise: roids, juice</field>
            <field name="toxicity">1</field>
            <field name="addiction_level">0</field>
            <field name="legal_status">1</field>
            <field name="category">other</field>
            <field name="withdrawal_level">0</field>
            <field name="reinforcement_level">0</field>
            <field name="tolerance_level">0</field>
            <!--         <field name="dependance_level">0</field> -->
            <field name="intoxication_level">0</field>
            <field name="dea_schedule_i" eval="False"/>
            <field name="dea_schedule_ii" eval="False"/>
            <field name="dea_schedule_iii" eval="True"/>
            <field name="dea_schedule_iv" eval="False"/>
            <field name="dea_schedule_v" eval="False"/>
            <field name="route_oral" eval="False"/>
            <field name="route_inhaling" eval="False"/>
            <field name="route_popping" eval="False"/>
            <field name="route_sniffing" eval="False"/>
            <field name="route_injection" eval="True"/>
            <field name="info">Hypertension, blood clotting and cholesterol changes, liver cysts and cancer, kidney
                cancer, hostility and aggression, acne; in adolescents, premature stoppage of growth; in males, prostate
                cancer, reduced sperm production, shrunken testicles, breast enlargement; in females, menstrual
                irregularities, development of beard and other masculine characteristics.

            </field>
        </record>

        <record model="medical.drugs_recreational" id="dmx">
            <field name="name">Dextromethorphan - DMX</field>
            <field name="street_name">Found in some cough and cold medications; Robotripping, Robo, Triple C</field>
            <field name="toxicity">2</field>
            <field name="addiction_level">1</field>
            <field name="legal_status">1</field>
            <field name="category">other</field>
            <field name="withdrawal_level">0</field>
            <field name="reinforcement_level">0</field>
            <field name="tolerance_level">0</field>
            <!--         <field name="dependance_level">0</field> -->
            <field name="intoxication_level">0</field>
            <field name="dea_schedule_i" eval="False"/>
            <field name="dea_schedule_ii" eval="False"/>
            <field name="dea_schedule_iii" eval="False"/>
            <field name="dea_schedule_iv" eval="False"/>
            <field name="dea_schedule_v" eval="False"/>
            <field name="route_oral" eval="True"/>
            <field name="route_inhaling" eval="False"/>
            <field name="route_popping" eval="False"/>
            <field name="route_sniffing" eval="False"/>
            <field name="route_injection" eval="False"/>
            <field name="info">Dissociative effects, distorted visual perceptions to complete dissociative effects/for
                effects at higher doses.

            </field>
        </record>

        <record model="medical.drugs_recreational" id="inhalants">
            <field name="name">Inhalants</field>
            <field name="street_name">Solvents (paint thinners, gasoline, glues), gases (butane, propane, aerosol
                propellants, nitrous oxide), nitrites (isoamyl, isobutyl, cyclohexyl): laughing gas, poppers, snappers,
                whippets
            </field>
            <field name="toxicity">3</field>
            <field name="addiction_level">2</field>
            <field name="legal_status">1</field>
            <field name="category">other</field>
            <field name="withdrawal_level">0</field>
            <field name="reinforcement_level">0</field>
            <field name="tolerance_level">0</field>
            <!--         <field name="dependance_level">0</field> -->
            <field name="intoxication_level">0</field>
            <field name="dea_schedule_i" eval="False"/>
            <field name="dea_schedule_ii" eval="False"/>
            <field name="dea_schedule_iii" eval="False"/>
            <field name="dea_schedule_iv" eval="False"/>
            <field name="dea_schedule_v" eval="False"/>
            <field name="route_oral" eval="False"/>
            <field name="route_inhaling" eval="True"/>
            <field name="route_popping" eval="False"/>
            <field name="route_sniffing" eval="False"/>
            <field name="route_injection" eval="False"/>
            <field name="info">Stimulation, loss of inhibition; headache; nausea or vomiting; slurred speech, loss of
                motor coordination; wheezing/unconsciousness, cramps, weight loss, muscle weakness, depression, memory
                impairment, damage to cardiovascular and nervous systems, sudden death.

            </field>
        </record>


    </data>
</odoo>
